Trial_Number,File_Name
1,mirrored_Free_Walk
2,mirrored_Free_Walk
3,mirrored_Free_Walk
4,mirrored_Free_Walk
5,mirrored_Free_Walk
6,mirrored_Free_Walk
7,mirrored_Free_Walk
8,mirrored_Free_Walk
9,mirrored_Free_Walk
10,mirrored_Free_Walk
11,mirrored_Free_Walk
12,mirrored_Free_Walk
13,mirrored_Free_Walk
14,mirrored_Free_Walk
15,mirrored_Free_Walk
16,mirrored_Free_Walk
17,mirrored_Free_Walk
18,mirrored_Free_Walk
19,mirrored_Free_Walk
20,mirrored_Free_Walk
21,mirrored_Free_Walk
22,mirrored_configuration_4_VisEasy_BioEasy.csv
23,mirrored_configuration_5_VisEasy_BioEasy.csv
24,mirrored_configuration_6_VisEasy_BioEasy.csv
25,mirrored_configuration_1_VisEasy_BioEasy.csv
26,mirrored_configuration_7_VisEasy_BioEasy.csv
27,mirrored_configuration_4_VisEasy_BioEasy.csv
28,mirrored_configuration_4_VisEasy_BioEasy.csv
29,mirrored_configuration_6_VisEasy_BioEasy.csv
30,mirrored_configuration_5_VisEasy_BioEasy.csv
31,mirrored_configuration_3_VisEasy_BioEasy.csv
32,mirrored_configuration_3_VisEasy_BioEasy.csv
33,mirrored_configuration_5_VisEasy_BioEasy.csv
34,mirrored_configuration_1_VisEasy_BioEasy.csv
35,mirrored_configuration_7_VisEasy_BioEasy.csv
36,mirrored_configuration_2_VisEasy_BioEasy.csv
37,mirrored_configuration_2_VisEasy_BioEasy.csv
38,mirrored_configuration_3_VisEasy_BioEasy.csv
39,mirrored_configuration_1_VisEasy_BioEasy.csv
40,mirrored_configuration_7_VisEasy_BioEasy.csv
41,mirrored_configuration_2_VisEasy_BioEasy.csv
42,mirrored_configuration_6_VisEasy_BioEasy.csv
43,mirrored_configuration_2_VisHard_BioMedi.csv
44,mirrored_configuration_7_VisHard_BioMedi.csv
45,mirrored_configuration_1_VisHard_BioMedi.csv
46,mirrored_configuration_6_VisHard_BioMedi.csv
47,mirrored_configuration_2_VisHard_BioMedi.csv
48,mirrored_configuration_4_VisHard_BioMedi.csv
49,mirrored_configuration_5_VisHard_BioMedi.csv
50,mirrored_configuration_7_VisHard_BioMedi.csv
51,mirrored_configuration_1_VisHard_BioMedi.csv
52,mirrored_configuration_7_VisHard_BioMedi.csv
53,mirrored_configuration_5_VisHard_BioMedi.csv
54,mirrored_configuration_4_VisHard_BioMedi.csv
55,mirrored_configuration_2_VisHard_BioMedi.csv
56,mirrored_configuration_5_VisHard_BioMedi.csv
57,mirrored_configuration_6_VisHard_BioMedi.csv
58,mirrored_configuration_3_VisHard_BioMedi.csv
59,mirrored_configuration_3_VisHard_BioMedi.csv
60,mirrored_configuration_1_VisHard_BioMedi.csv
61,mirrored_configuration_6_VisHard_BioMedi.csv
62,mirrored_configuration_3_VisHard_BioMedi.csv
63,mirrored_configuration_4_VisHard_BioMedi.csv
64,mirrored_configuration_6_VisHard_BioEasy.csv
65,mirrored_configuration_1_VisHard_BioEasy.csv
66,mirrored_configuration_7_VisHard_BioEasy.csv
67,mirrored_configuration_5_VisHard_BioEasy.csv
68,mirrored_configuration_5_VisHard_BioEasy.csv
69,mirrored_configuration_4_VisHard_BioEasy.csv
70,mirrored_configuration_3_VisHard_BioEasy.csv
71,mirrored_configuration_3_VisHard_BioEasy.csv
72,mirrored_configuration_7_VisHard_BioEasy.csv
73,mirrored_configuration_7_VisHard_BioEasy.csv
74,mirrored_configuration_1_VisHard_BioEasy.csv
75,mirrored_configuration_4_VisHard_BioEasy.csv
76,mirrored_configuration_6_VisHard_BioEasy.csv
77,mirrored_configuration_3_VisHard_BioEasy.csv
78,mirrored_configuration_2_VisHard_BioEasy.csv
79,mirrored_configuration_4_VisHard_BioEasy.csv
80,mirrored_configuration_6_VisHard_BioEasy.csv
81,mirrored_configuration_2_VisHard_BioEasy.csv
82,mirrored_configuration_1_VisHard_BioEasy.csv
83,mirrored_configuration_5_VisHard_BioEasy.csv
84,mirrored_configuration_2_VisHard_BioEasy.csv
85,mirrored_configuration_4_VisEasy_BioHard.csv
86,mirrored_configuration_7_VisEasy_BioHard.csv
87,mirrored_configuration_2_VisEasy_BioHard.csv
88,mirrored_configuration_6_VisEasy_BioHard.csv
89,mirrored_configuration_6_VisEasy_BioHard.csv
90,mirrored_configuration_3_VisEasy_BioHard.csv
91,mirrored_configuration_5_VisEasy_BioHard.csv
92,mirrored_configuration_4_VisEasy_BioHard.csv
93,mirrored_configuration_5_VisEasy_BioHard.csv
94,mirrored_configuration_1_VisEasy_BioHard.csv
95,mirrored_configuration_3_VisEasy_BioHard.csv
96,mirrored_configuration_2_VisEasy_BioHard.csv
97,mirrored_configuration_5_VisEasy_BioHard.csv
98,mirrored_configuration_6_VisEasy_BioHard.csv
99,mirrored_configuration_4_VisEasy_BioHard.csv
100,mirrored_configuration_7_VisEasy_BioHard.csv
101,mirrored_configuration_3_VisEasy_BioHard.csv
102,mirrored_configuration_2_VisEasy_BioHard.csv
103,mirrored_configuration_1_VisEasy_BioHard.csv
104,mirrored_configuration_7_VisEasy_BioHard.csv
105,mirrored_configuration_1_VisEasy_BioHard.csv
106,mirrored_configuration_1_VisEasy_BioMedi.csv
107,mirrored_configuration_7_VisEasy_BioMedi.csv
108,mirrored_configuration_1_VisEasy_BioMedi.csv
109,mirrored_configuration_1_VisEasy_BioMedi.csv
110,mirrored_configuration_5_VisEasy_BioMedi.csv
111,mirrored_configuration_2_VisEasy_BioMedi.csv
112,mirrored_configuration_6_VisEasy_BioMedi.csv
113,mirrored_configuration_3_VisEasy_BioMedi.csv
114,mirrored_configuration_4_VisEasy_BioMedi.csv
115,mirrored_configuration_6_VisEasy_BioMedi.csv
116,mirrored_configuration_2_VisEasy_BioMedi.csv
117,mirrored_configuration_5_VisEasy_BioMedi.csv
118,mirrored_configuration_2_VisEasy_BioMedi.csv
119,mirrored_configuration_4_VisEasy_BioMedi.csv
120,mirrored_configuration_3_VisEasy_BioMedi.csv
121,mirrored_configuration_3_VisEasy_BioMedi.csv
122,mirrored_configuration_5_VisEasy_BioMedi.csv
123,mirrored_configuration_6_VisEasy_BioMedi.csv
124,mirrored_configuration_4_VisEasy_BioMedi.csv
125,mirrored_configuration_7_VisEasy_BioMedi.csv
126,mirrored_configuration_7_VisEasy_BioMedi.csv
127,mirrored_configuration_6_VisHard_BioHard.csv
128,mirrored_configuration_7_VisHard_BioHard.csv
129,mirrored_configuration_1_VisHard_BioHard.csv
130,mirrored_configuration_3_VisHard_BioHard.csv
131,mirrored_configuration_7_VisHard_BioHard.csv
132,mirrored_configuration_5_VisHard_BioHard.csv
133,mirrored_configuration_5_VisHard_BioHard.csv
134,mirrored_configuration_4_VisHard_BioHard.csv
135,mirrored_configuration_4_VisHard_BioHard.csv
136,mirrored_configuration_3_VisHard_BioHard.csv
137,mirrored_configuration_1_VisHard_BioHard.csv
138,mirrored_configuration_2_VisHard_BioHard.csv
139,mirrored_configuration_2_VisHard_BioHard.csv
140,mirrored_configuration_2_VisHard_BioHard.csv
141,mirrored_configuration_4_VisHard_BioHard.csv
142,mirrored_configuration_1_VisHard_BioHard.csv
143,mirrored_configuration_3_VisHard_BioHard.csv
144,mirrored_configuration_6_VisHard_BioHard.csv
145,mirrored_configuration_6_VisHard_BioHard.csv
146,mirrored_configuration_7_VisHard_BioHard.csv
147,mirrored_configuration_5_VisHard_BioHard.csv
